peso;altezza;età;mesistop;sesso;sport;reddito
60.8512051;158.1757281;43;11;F;NO;28.58567122
76.5857038;165.1128914;41;8;M;NO;14.4971926
97.34129401;189.4894449;31;8;M;NO;23.0185015
74.72096451;156.2285064;31;10;M;NO;24.1199016
86.6580584;168.6808882;38;5;M;NO;10.14304599
81.83391578;172.8324599;42;6;M;SI;19.55258847
82.54496599;175.0625662;36;7;M;NO;12.71287126
85.23288372;177.4167465;35;6;M;SI;5.779862099
77.32038111;160.6179749;35;7;M;NO;19.94909339
75.85455526;159.1567963;41;9;F;NO;30.10597143
57.82089873;138.2507115;39;2;F;SI;16.17934205
87.09071891;176.1619384;46;8;M;NO;22.89752826
80.2233704;162.1838589;34;6;M;NO;19.90866202
64.49695113;151.6678699;44;3;F;NO;22.56238957
93.52402293;169.2979132;52;2;M;NO;11.42602942
93.85580384;180.8565966;43;7;M;NO;23.34334709
104.2187748;178.0860019;35;4;M;NO;34.49576899
75.20398295;156.2964858;36;11;M;NO;17.94889543
65.32542285;138.4396251;41;5;F;NO;11.7715864
101.8487658;180.53001;43;1;M;NO;17.25697938
53.39602414;136.5738395;47;12;F;NO;24.7348811
73.24965825;165.979556;48;6;F;NO;22.13638612
77.75233653;185.5466973;46;12;M;SI;10.30844682
106.8432756;191.4508176;41;7;M;NO;23.0801143
65.1825332;170.8473406;37;10;F;NO;21.40502776
71.37196518;163.0356364;33;5;F;NO;20.09558077
58.13676625;152.747077;36;3;F;SI;23.83093478
67.09314342;164.8204772;41;6;F;NO;39.32548161
59.70354693;154.6296627;38;6;F;NO;16.75890261
98.17391699;178.322826;42;7;M;NO;30.4504116
82.08995965;173.3472075;43;6;M;NO;20.69990019
85.67657476;181.782105;40;4;M;NO;23.21038161
90.58663293;167.1856746;34;4;M;NO;11.58273579
87.37303836;171.9812549;40;5;M;NO;12.70314262
71.32253779;156.9461589;34;4;F;NO;31.98851909
84.20091567;174.8782135;39;7;M;NO;16.40801565
77.26440327;163.5145859;43;12;M;NO;26.81511454
85.47059876;162.8497969;41;5;M;NO;22.40970369
74.1106008;150.6228823;38;6;F;NO;21.94789139
75.51108514;165.0395196;38;4;F;NO;21.28175411
96.04213345;180.3847726;35;3;M;NO;33.16140827
55.40121329;155.7804802;41;8;F;NO;11.76812424
92.03391101;181.0956775;33;7;M;NO;19.35597633
73.09878637;164.2463075;40;10;F;NO;18.6751303
53.62432084;145.0242575;41;9;F;SI;14.319072
78.50480161;155.5495856;37;6;M;NO;14.48107873
84.31938478;171.2849137;40;4;M;NO;21.61963052
89.60708244;163.0645798;43;4;M;NO;29.06367136
84.37886727;184.1522677;40;9;M;NO;19.24528995
85.93849772;170.5285186;32;5;F;NO;30.51992167
83.0736217;165.7862557;40;5;F;NO;17.16077
84.46473647;166.8087988;33;3;F;NO;27.03815126
104.0785707;181.7848883;39;5;M;NO;17.30997197
61.23267339;142.7555804;46;4;F;NO;19.25773504
58.95768155;145.6991772;35;7;F;NO;26.24742947
71.65469109;172.3561382;40;9;M;NO;20.51237091
77.79027813;178.6077033;40;5;F;NO;13.91756748
85.94229805;178.9004239;42;5;M;NO;22.63768848
96.67251846;176.1192681;40;4;M;NO;24.00623472
84.97326048;157.0882357;43;6;F;NO;24.77194653
73.33345104;177.0738314;53;11;M;SI;20.61556914
62.8156061;145.2653409;44;7;F;NO;20.66952579
81.12325708;168.6261838;39;7;M;SI;19.37895642
85.07756239;173.4133197;45;6;M;SI;25.06911625
82.29174182;160.3526302;43;6;M;NO;28.56766751
90.7885101;169.7954598;27;8;M;NO;14.39639563
102.6601119;191.2047876;42;7;M;NO;15.39601649
110.2235726;185.9097015;30;7;M;NO;20.46102787
73.08337665;177.4265648;48;8;M;NO;15.57978611
77.9190654;182.5853251;40;11;F;NO;31.67162748
99.1605943;177.3470422;35;8;M;NO;18.27444186
88.28893565;161.7345309;44;6;M;NO;31.13581676
76.43058465;171.9875254;44;5;F;NO;20.01539993
87.7461022;165.1895551;37;4;M;NO;15.15285194
91.61363033;173.9525553;47;6;M;NO;15.75697144
76.77582655;159.7807634;45;9;M;SI;26.87144471
50.04173507;134.8075011;41;8;F;NO;16.28404248
99.28104484;175.7958106;40;2;F;NO;29.06847182
82.83390276;171.5470824;38;7;M;SI;25.5256429
91.14268786;170.1147191;43;4;M;NO;9.717247665
92.46976202;173.371171;35;11;M;NO;30.35724506
64.55538841;168.8274659;35;4;F;SI;25.94702764
87.03106118;174.6452133;41;5;M;NO;26.61829963
87.90325763;164.0808251;47;2;F;SI;16.28141915
85.38043502;191.0524979;38;8;M;NO;16.48943315
64.17622878;155.7335102;43;9;F;NO;27.69292764
77.85315692;169.9430352;46;3;M;SI;18.7636016
89.89145896;162.5417012;34;4;M;NO;12.88192153
56.86011801;155.6911196;33;10;F;SI;32.72752919
98.99158182;176.9788701;43;4;M;NO;16.76065802
59.535979;152.712551;47;5;F;SI;25.60260867
73.64271971;169.2628581;41;12;F;NO;20.32694289
73.18313813;167.3923653;43;5;M;NO;12.01363093
69.50065817;166.3766007;45;4;F;NO;21.07466822
79.83999539;182.7801605;46;8;M;NO;17.94072743
83.68301102;161.7541589;47;6;M;NO;24.60509624
84.92690098;173.2048436;41;8;F;NO;16.42695143
92.32993782;174.301162;33;10;M;NO;20.30924056
98.40942079;179.5784736;37;5;M;NO;23.59286283
85.33876566;180.6295638;43;7;M;NO;34.07488086
69.22952379;152.1056119;36;6;F;NO;18.56111578
94.71017294;173.12641;40;6;M;NO;28.76236682
88.03371135;177.5146928;63;5;M;NO;18.50142014
86.47275051;179.8901394;45;11;M;SI;12.85443906
81.57074631;171.837795;45;8;M;NO;21.96590784
77.22681072;162.2170498;36;6;M;SI;17.06111803
61.22403531;133.632187;32;7;F;NO;13.9530474
59.31656709;135.2078568;45;9;F;NO;19.09343629
74.18024405;165.2280902;42;7;F;NO;22.49659298
89.79895876;161.5167927;42;4;F;NO;34.05621038
82.64359327;158.0501349;33;7;M;NO;21.07793554
87.370985;171.2268339;40;3;F;NO;12.35226637
98.07004146;172.1454295;40;5;M;NO;28.77480919
96.41546647;166.3503406;42;4;M;NO;24.01971722
66.34600049;156.9620227;34;8;F;NO;20.12173606
90.98170212;181.4689691;29;8;M;NO;19.36129851
71.51876931;152.5866556;37;2;F;NO;27.90739687
57.03753908;151.6325282;43;10;F;NO;21.64597002
80.44524446;159.7222491;39;5;F;NO;27.59891808
89.65276459;177.9368224;32;5;F;NO;15.56111757
69.71334936;168.710031;46;8;M;SI;17.38448988
88.5725185;166.9808759;42;2;F;NO;10.29855993
95.54642882;178.6518942;46;5;M;NO;11.7877457
67.1134599;146.0833247;40;2;F;NO;26.9969214
77.16748187;174.3137312;43;7;M;NO;18.48163281
81.08804469;164.6998619;47;6;F;NO;18.27299837
86.54391417;181.950091;30;9;M;NO;31.58148961
78.37431224;159.8576319;34;3;F;NO;20.0808577
81.19587224;169.8553506;32;5;M;SI;18.59882814
71.7222541;161.1654299;49;7;M;SI;24.46234928
77.47574504;162.7817367;37;4;M;NO;29.17867082
93.62624067;182.4573689;38;6;M;NO;18.09128256
100.2943691;182.5916161;40;3;M;NO;20.33408417
71.25912299;162.7511325;39;9;M;NO;16.34995022
98.97961815;184.1280872;45;4;M;NO;21.00238732
76.39015495;154.680121;38;2;F;NO;13.31262866
66.32316725;139.2193555;47;4;F;NO;11.74391447
72.26404788;149.654665;39;7;F;NO;15.91841168
73.09835034;148.659184;40;2;F;NO;16.46181909
55.6461457;137.9950122;38;3;F;NO;21.59627327
63.33372122;158.7261859;29;7;M;SI;20.49474911
78.13307721;153.3608388;36;7;F;NO;30.54543216
105.6520474;192.7949429;36;4;M;NO;22.62552785
78.95312514;164.0223778;42;12;M;NO;23.38588256
108.5842382;186.0961358;42;7;M;NO;29.56010986
86.79457268;172.3663131;41;5;M;NO;23.00604268
92.57758993;163.4767365;32;9;M;NO;18.57209076
69.88125692;170.2144801;35;6;M;SI;11.03768327
94.76086017;181.8638716;41;5;M;NO;12.10073235
77.10820431;162.4508608;30;3;F;NO;31.03828216
